id,rvec_x,rvec_y,rvec_z,tvec_x,tvec_y,tvec_z
1,0.0594349,2.43683,0.02284,-0.0183797,0.0470305,0.7138
3,0.061132,2.39543,0.0034643,-0.407023,-0.0233885,0.911435
0,0.068857,2.43013,0.00629516,0.0446169,-0.035534,0.62848
2,0.0484749,2.40712,0.0181353,-0.299451,-0.151763,0.899111
