id,rvec_x,rvec_y,rvec_z,tvec_x,tvec_y,tvec_z
1,-0.0168971,2.43016,-0.0792264,-0.179807,0.00957315,1.1124
2,-0.00994172,3.3907,-0.12421,-0.232802,0.00861558,1.07676
3,-0.0588827,2.33638,0.0381465,-0.269976,0.00865747,1.03724
