id,rvec_x,rvec_y,rvec_z,tvec_x,tvec_y,tvec_z
1,0.00749297,-3.90371,-0.0399082,-0.0216428,0.0900151,0.71015
3,-0.0354774,2.39778,-0.0211385,-0.40414,0.0115409,0.91444
4,1.75851,1.80707,0.67837,-0.465981,0.00990969,0.86608
0,-0.0222916,2.43332,-0.0245338,0.0453923,0.0115105,0.62868
2,-0.0413499,2.41975,-0.0244408,-0.292752,-0.110388,0.903083
