id,rvec_x,rvec_y,rvec_z,tvec_x,tvec_y,tvec_z
1,-0.124244,2.39999,-0.0209665,-0.0299234,0.142964,0.70172
0,-0.132577,2.4359,-0.0625657,0.0425536,0.064421,0.62708
3,-0.140962,2.38281,-0.0452944,-0.406528,0.0500795,0.91256
4,1.69406,1.90524,0.623914,-0.470933,0.0415853,0.864125
2,-0.153224,2.41443,-0.0527842,-0.287356,-0.0639397,0.91365
