id,rvec_x,rvec_y,rvec_z,tvec_x,tvec_y,tvec_z
1,-0.123991,2.4011,-0.0221901,-0.0299111,0.142975,0.70392
0,-0.133935,2.43454,-0.0625288,0.0425491,0.064345,0.62748
3,-0.140385,2.38967,-0.0470397,-0.406605,0.0501113,0.91412
4,1.69066,1.90168,0.630642,-0.470783,0.0415831,0.86336
2,-0.152968,2.4158,-0.0559413,-0.286956,-0.0638652,0.914391
