id,rvec_x,rvec_y,rvec_z,tvec_x,tvec_y,tvec_z
1,0.18847,2.42308,0.071877,-0.0165612,-0.0103369,0.7134
4,1.9436,1.67204,0.737263,-0.47216,-0.051819,0.86016
3,0.181746,2.37587,0.0568347,-0.408804,-0.0638082,0.9074
0,0.190652,2.43045,0.0545623,0.0403177,-0.0916159,0.623
2,0.175705,2.40686,0.0655507,-0.312188,-0.198654,0.887609
