id,rvec_x,rvec_y,rvec_z,tvec_x,tvec_y,tvec_z
1,-0.127195,-2.4179,0.328058,-0.0231173,0.0896207,0.7097
3,-0.0333779,2.40389,-0.0256263,-0.406048,0.0114676,0.91728
4,1.75487,1.80434,0.68589,-0.466392,0.00987622,0.86468
0,-0.0193447,2.42955,-0.0262483,0.0452208,0.0113169,0.62872
2,-0.0425993,2.41981,-0.0101697,-0.293827,-0.110756,0.898333
