id,rvec_x,rvec_y,rvec_z,tvec_x,tvec_y,tvec_z
1,0.18791,2.41545,0.0751478,-0.0168448,-0.0126749,0.71588
4,1.95399,1.67809,0.750704,-0.474645,-0.0533114,0.860632
3,0.186997,2.39901,0.0531858,-0.411046,-0.065751,0.912773
0,0.193252,2.42684,0.054867,0.039724,-0.0941749,0.625478
2,0.175153,2.42835,0.0565958,-0.315864,-0.202292,0.88644
