id,rvec_x,rvec_y,rvec_z,tvec_x,tvec_y,tvec_z
4,2.21542,1.46326,0.812117,-0.49356,-0.140418,0.84732
3,0.492183,2.38281,0.172792,-0.433447,-0.171959,0.891
1,0.499575,2.38367,0.187404,-0.0341746,-0.16373,0.69336
2,0.492795,2.39394,0.167052,-0.365086,-0.319066,0.84208
0,0.507103,2.39134,0.169728,0.00714083,-0.239475,0.5964
