id,rvec_x,rvec_y,rvec_z,tvec_x,tvec_y,tvec_z
4,2.22129,1.45656,0.820258,-0.49495,-0.142841,0.84236
3,0.506537,2.40132,0.167617,-0.435104,-0.174935,0.89036
1,0.509562,2.37609,0.18221,-0.0354318,-0.167614,0.6964
2,0.499438,2.39621,0.177965,-0.367495,-0.322445,0.84332
0,0.517025,2.39478,0.176875,0.00543585,-0.244374,0.5954
