id,rvec_x,rvec_y,rvec_z,tvec_x,tvec_y,tvec_z
4,2.07321,1.64289,0.741135,-0.481259,-0.0828755,0.85596
1,0.291192,2.41453,0.103557,-0.0189509,-0.0624807,0.71156
3,0.281077,2.39421,0.110607,-0.415159,-0.100928,0.9048
0,0.29505,2.42638,0.0912593,0.0326394,-0.142642,0.61795
2,0.278997,2.40573,0.111433,-0.327853,-0.241301,0.87175
