id,rvec_x,rvec_y,rvec_z,tvec_x,tvec_y,tvec_z
4,2.14438,1.53864,0.753202,-0.485388,-0.113723,0.85032
3,0.40164,2.41214,0.137989,-0.425265,-0.139597,0.8974
1,0.405167,2.39433,0.148967,-0.0257384,-0.116897,0.70624
2,0.39288,2.38971,0.133891,-0.345679,-0.282938,0.859474
0,0.410513,2.41166,0.134607,0.0202655,-0.195022,0.60792
