id,rvec_x,rvec_y,rvec_z,tvec_x,tvec_y,tvec_z
1,0.08691,2.41518,0.00981765,-0.0181884,0.0408028,0.714727
4,1.8978,1.76598,0.639921,-0.473605,-0.0220078,0.861619
3,0.0790546,2.38716,0.0158428,-0.405706,-0.0271928,0.916565
0,0.0897815,2.433,0.00980022,0.0441929,-0.0417631,0.628
2,0.070657,2.41085,0.0259265,-0.302311,-0.156952,0.9024
