id,rvec_x,rvec_y,rvec_z,tvec_x,tvec_y,tvec_z
1,0.0765753,2.42522,0.022008,-0.0176665,0.0417263,0.714182
4,1.86064,1.75325,0.707444,-0.469548,-0.021327,0.86284
3,0.0786112,2.41258,-0.000622564,-0.40701,-0.0268501,0.91528
0,0.0873671,2.42784,0.017657,0.0444772,-0.0407546,0.62796
2,0.0708596,2.43129,0.0179357,-0.301844,-0.156084,0.8958
