id,rvec_x,rvec_y,rvec_z,tvec_x,tvec_y,tvec_z
4,2.30475,1.37095,0.833685,-0.504926,-0.170522,0.836091
3,0.609473,2.38068,0.216109,-0.447492,-0.208897,0.8816
1,0.615573,2.36524,0.228952,-0.0486715,-0.218356,0.687044
2,0.604554,2.37753,0.217134,-0.389494,-0.357521,0.826174
0,0.619825,2.37347,0.211375,-0.0126575,-0.290644,0.579565
