id,rvec_x,rvec_y,rvec_z,tvec_x,tvec_y,tvec_z
4,2.30223,1.39119,0.832096,-0.504002,-0.168067,0.83688
3,0.592071,2.38594,0.229554,-0.44742,-0.206293,0.88432
1,0.602519,2.36899,0.226428,-0.0469221,-0.213145,0.688
2,0.593886,2.37888,0.212305,-0.386191,-0.35379,0.82928
0,0.609598,2.37765,0.203721,-0.0102306,-0.285667,0.5823
