time,note,velocity
0.0,42,127
0.3,38,127
0.3,42,127
0.6,42,127
0.8999999999999999,42,127
1.2,36,127
1.2,42,127
1.5,38,120
1.5,42,127
1.7999999999999998,42,127
2.1,36,127
2.1,42,127
2.4,42,127
2.6999999999999997,38,127
2.6999999999999997,42,127
3.0,42,127
3.3,42,127
3.5999999999999996,36,121
3.5999999999999996,42,127
3.9,38,120
3.9,42,127
4.2,42,55
