time,note,velocity
0.3,42,127
0.6,42,127
0.6,38,89
0.8999999999999999,42,127
1.2,42,127
1.2,36,126
1.5,42,127
1.7999999999999998,42,119
2.1,42,99
2.4,36,127
2.4,42,127
2.4,42,109
3.0,42,127
3.0,38,116
3.0,42,111
3.3,42,127
3.3,36,127
3.5999999999999996,42,127
3.9,38,102
3.9,42,127
4.2,42,127
