time,note,velocity
0.0,42,127
0.0,36,112
0.0,38,46
0.3,42,79
0.6,38,127
0.6,42,127
0.8999999999999999,42,127
1.2,42,52
1.5,36,123
1.5,42,81
1.7999999999999998,42,127
1.7999999999999998,38,75
