time,note,velocity
0.0,36,127
0.0,42,127
0.6,42,127
0.6,38,127
0.8999999999999999,42,127
1.2,42,127
1.5,36,127
1.5,42,127
1.7999999999999998,38,127
1.7999999999999998,42,127
2.1,42,96
2.4,42,127
2.4,36,127
2.6999999999999997,42,77
3.0,38,124
3.0,42,127
3.3,42,88
3.5999999999999996,42,127
3.9,36,127
3.9,42,127
4.2,42,127
4.2,38,123
4.5,42,74
4.8,42,127
4.8,36,121
