time,note,velocity
0.3,38,19
0.3,42,108
0.6,38,126
0.6,42,127
0.8999999999999999,42,109
1.2,42,109
1.5,36,127
1.5,42,127
1.5,42,86
1.7999999999999998,42,64
2.1,36,127
2.1,42,127
2.4,42,56
2.6999999999999997,38,127
2.6999999999999997,42,127
3.0,42,127
3.3,42,127
3.5999999999999996,36,127
3.5999999999999996,42,127
3.9,38,112
3.9,42,127
