time,note,velocity
0.0,42,34
0.3,38,15
0.6,45,23
0.8999999999999999,41,26
1.5,42,50
1.7999999999999998,49,35
2.1,51,42
2.6999999999999997,42,13
3.0,41,20
3.3,45,29
3.5999999999999996,38,18
3.9,42,24
4.2,49,20
4.5,42,40
